Row Labels,M,F,R,L,P
APR,170000,1,452,0,0
SAB,170000,1,206,0,0
AA,85297000,208,1,721,5.014392306
AAA,866000,4,263,399,214.9627875
AAAF,170000,1,96,0,0
AAF,1325000,5,185,231,57.93315113
AAH,795000,2,282,0,0
AAK,1025000,1,219,0,0
AAN,1120000,2,311,43,0
AAZ,340000,2,149,3,0
AB,1988000,7,246,461,76.18508165
AC,3285000,3,56,141,70.00357134
AD,8500000,20,24,645,47.43940425
ADB,795000,1,212,0,0
AE,5410000,10,82,628,103.9408218
AES,3770000,7,182,457,140.8622258
AF,12435000,26,8,596,36.88798359
AFA,520000,2,358,87,0
AFAZ,180000,1,172,0,0
AFT,380000,1,18,0,0
AG,2475000,8,68,585,126.1610837
AH,6555000,22,21,707,35.46735588
AI,18140000,35,31,694,33.17092342
AIA,170000,1,236,0,0
AIH,445000,1,227,0,0
AIS,80000,1,178,0,0
AJ,1256000,7,9,126,21.54065923
AK,9400000,32,5,576,23.09079787
AKA,330000,2,102,161,0
AKD,260000,1,317,0,0
AKH,430000,3,194,174,123.0365799
AKM,445000,1,74,0,0
AKW,340000,2,171,110,0
AL,540000,3,82,226,127.2792206
ALSH,150000,1,362,0,0
AM,17215000,42,17,681,23.9331131
AMA,230000,2,0,124,0
AMAP,260000,1,342,0,0
AMB,160000,1,279,0,0
AMH,665000,2,67,99,0
AMP,79500,1,120,0,0
AN,7962000,29,33,672,31.6005157
ANE,70000,1,109,0,0
ANH,260000,1,64,0,0
ANL,1225000,1,298,0,0
ANP,240000,2,233,26,0
ANR,170000,1,257,0,0
ANS,615000,2,338,3,0
ANU,180000,1,358,0,0
AP,6249000,12,40,543,53.36529345
APA,330000,2,73,582,0
APM,170000,1,394,0,0
AQ,3920000,4,79,132,21.70253441
AR,28621000,66,38,610,17.58434345
ARA,510000,3,232,93,64.34671709
ARF,795000,2,252,0,0
ARG,1395000,2,92,200,0
ARGA,170000,1,219,0,0
ARI,795000,1,320,0,0
ARK,190000,1,9,0,0
AS,33151000,106,3,721,7.899691653
ASA,11490000,49,144,577,33.60122185
ASH,3295000,5,324,237,70.44797135
ASMA,440000,2,289,27,0
ASN,880000,1,326,0,0
ASR,1240000,3,142,2,1.414213562
AT,24500000,62,0,728,38.59355251
ATM,1800000,1,200,0,0
ATS,795000,2,238,0,0
AU,445000,1,541,0,0
AV,4495000,5,152,333,93.18932342
AY,535000,2,128,1,0
AZ,8715000,27,21,696,31.19398364
AZY,1720000,1,338,0,0
BA,1574000,5,63,56,16.73320053
BB,530000,3,46,680,449.7199128
BC,170000,1,16,0,0
BD,445000,1,19,0,0
BH,1110000,7,256,257,25.325218
BHM,170000,1,320,0,0
BIHAF,445000,1,187,0,0
BL,7370000,4,411,181,36.17089069
BM,90000,1,566,0,0
BR,180000,2,49,28,0
BS,1925000,7,89,593,212.0475576
BYNA,115000,1,325,0,0
BZ,760000,3,388,96,67.88225099
BZC,320000,2,152,52,0
CA,2160000,2,378,207,0
CAB,1225000,1,288,0,0
CC,95000,1,62,0,0
CH,1375000,2,369,16,0
CJ,1350000,2,401,40,0
CJA,445000,1,216,0,0
CL,845000,2,353,207,0
CM,445000,1,160,0,0
CN,120000,1,22,0,0
CP,1350000,2,414,34,0
CS,830000,5,96,499,153.840556
CSA,675000,1,348,0,0
CSU,2845000,2,199,0,0
CT,170000,1,93,0,0
CTZ,170000,1,97,0,0
CVS,445000,1,206,0,0
CZ,5025000,5,75,646,0
DA,4475000,5,80,501,149.1741153
DAR,2290000,1,313,0,0
DB,835000,3,58,188,106.0660172
DC,160000,1,127,0,0
DCR,160000,1,362,0,0
DD,4070000,5,137,314,59.48949487
DF,170000,1,419,0,0
DFH,170000,1,172,0,0
DG,955000,4,350,210,63.55312738
DH,16030000,8,58,670,74.63402773
DI,2030000,10,183,501,76.49182963
DID,170000,1,405,0,0
DIN,340000,2,294,17,0
DK,800000,4,28,542,175.9327523
DKA,795000,2,283,0,0
DKJ,795000,2,145,0,0
DL,320000,2,38,39,0
DM,2580000,4,40,688,197.4141163
DMH,445000,1,573,0,0
DP,1740000,9,248,285,43.75482116
DPM,170000,1,491,0,0
DR,1210000,3,147,515,55.5
DS,1780000,4,61,318,130.0884315
DZ,1705000,3,334,124,87.68124087
EA,4096000,22,5,681,32.34898983
EAK,340000,2,211,106,0
EAS,90000,1,506,0,0
EB,170000,1,229,0,0
EC,2040000,12,23,539,57.4769519
EEQ,795000,1,309,0,0
EH,790000,5,177,146,36.4280112
EHP,590000,3,308,40,12.72792206
EJP,445000,1,346,0,0
EK,1075000,3,14,698,483.6610383
EKA,380000,1,650,0,0
EL,674000,2,122,198,0
ELA,240000,1,344,0,0
ELG,795000,2,67,0,0
EM,1175000,2,378,102,0
EN,445000,1,46,0,0
ENA,170000,1,79,0,0
EP,445000,1,323,0,0
ER,4900000,7,231,458,133.9472533
ERM,795000,2,285,0,0
ES,640000,5,435,242,106.487871
EV,445000,1,213,0,0
EW,350000,1,641,0,0
EZ,1150000,5,23,677,132.6181863
EZW,795000,2,233,0,0
FA,12486000,38,59,652,18.12357481
FAB,190000,1,552,0,0
FAF,590000,3,322,163,75.66042559
FAR,445000,1,4,0,0
FB,570000,2,400,64,0
FD,680000,4,39,405,50.5074252
FDA,340000,2,201,118,0
FF,550000,2,355,371,0
FG,1380000,9,17,120,13.1475147
FGI,170000,1,202,0,0
FGP,445000,1,466,0,0
FH,2995000,9,40,391,64.22379955
FM,1375000,6,99,296,90.28122728
FN,445000,1,166,0,0
FNK,515000,1,31,0,0
FO,445000,1,529,0,0
FP,240000,1,437,0,0
FQ,1545000,5,56,527,187.2064369
FR,605000,2,292,149,0
FRW,7385000,2,613,1,0
FS,7410000,9,73,538,84.38644102
FSA,170000,1,200,0,0
FT,120000,1,36,0,0
FY,170000,1,93,0,0
FZ,1175000,4,137,458,222.5338925
GA,4527000,13,178,485,41.67505976
GBA,160000,1,27,0,0
GD,445000,1,148,0,0
GF,890000,2,40,402,0
GG,795000,2,33,0,0
GM,430000,3,15,233,164.75588
GMN,330000,2,228,0,0
GR,1905000,7,64,556,103.2911742
GRN,8085000,5,215,13,2.753785274
GS,240000,2,14,315,0
GSAI,170000,1,200,0,0
GT,380000,1,453,0,0
GTZ,580000,1,451,0,0
GZ,3308000,3,109,213,130.8147545
HA,8458000,33,68,621,28.19729954
HAK,2280000,1,711,0,0
HAN,170000,1,288,0,0
HAR,350000,2,159,0,0
HB,510000,3,92,132,73.53910524
HD,635000,2,340,10,0
HDH,260000,1,351,0,0
HDQ,445000,1,580,0,0
HF,5245000,9,44,409,97.29401318
HFB,170000,1,639,0,0
HG,1949000,6,121,77,18.5013513
HGE,240000,2,186,0,0
HH,430000,2,408,16,0
HHR,180000,1,340,0,0
HI,3180000,3,313,249,13.43502884
HK,490000,3,2,54,25.45584412
HM,7813000,21,29,592,62.08601843
HNF,210000,1,11,0,0
HNI,220000,1,113,0,0
HP,1821000,4,113,214,68.87912117
HR,1240000,3,292,418,295.5706345
HRK,170000,1,150,0,0
HS,3315000,10,3,683,65.00277772
HSB,170000,1,172,0,0
HU,60000,1,117,0,0
HV,380000,1,465,0,0
HZI,160000,1,141,0,0
IA,7049000,28,59,447,28.48862121
IAP,170000,1,199,0,0
IAR,733000,1,278,0,0
IAS,380000,1,699,0,0
ID,300000,2,73,396,0
IF,260000,1,474,0,0
IG,380000,1,430,0,0
II,32000,1,519,0,0
IKB,730000,1,384,0,0
IM,6355000,16,10,576,37.87724534
IMH,480000,2,639,0,0
IR,1050000,7,18,178,16.93123347
IRM,170000,1,131,0,0
IS,7540000,20,441,93,5.032060952
IT,795000,2,282,0,0
IX,170000,1,165,0,0
JA,1345000,3,131,236,142.8355698
JD,1800000,1,482,0,0
JE,170000,1,354,0,0
JES,1360000,2,93,31,0
JF,785000,3,423,43,12.02081528
JG,445000,1,405,0,0
JK,1116000,5,37,63,12.81600562
JL,90000,1,31,0,0
JN,1155000,4,8,177,99.60421678
JR,730000,1,649,0,0
JW,795000,2,233,0,0
KA,66010000,152,8,710,5.487919705
KAA,1225000,1,197,0,0
KAB,170000,1,198,0,0
KAH,170000,1,290,0,0
KAK,340000,2,96,3,0
KAP,445000,1,129,0,0
KAW,1240000,3,204,23,16.26345597
KD,795000,2,247,0,0
KF,160000,1,36,0,0
KG,3960000,11,2,688,122.9984643
KH,2495000,10,28,236,20.70493768
KI,890000,2,121,29,0
KK,12700000,64,26,700,56.69502769
KL,90000,1,74,0,0
KLA,830000,4,73,28,16.16580754
KM,4995000,16,21,640,55.52434044
KMA,290000,2,127,0,0
KMN,340000,2,311,12,0
KMS,1575000,3,145,273,118.0868325
KN,795000,4,114,73,27.39221301
KNP,170000,1,192,0,0
KP,1240000,3,53,119,84.14570696
KR,1185000,4,60,636,279.0483829
KRT,2735000,2,180,7,0
KS,2040000,6,390,187,12.05404496
KSB,170000,1,172,0,0
KSN,170000,1,639,0,0
KT,1010000,5,103,530,251.0756858
KWNA,445000,1,144,0,0
KWNAS,170000,1,190,0,0
KY,380000,1,409,0,0
KZ,9630000,27,198,425,31.3521193
LA,2980000,5,115,597,94.19616057
LAL,170000,1,62,0,0
LB,980000,1,593,0,0
LBA,2385000,3,445,229,130.8147545
LC,380000,1,403,0,0
LE,170000,1,393,0,0
LHN,160000,1,204,0,0
LK,2000000,6,135,573,92.5921163
LKP,170000,1,213,0,0
LL,120000,1,338,0,0
LN,220000,1,507,0,0
LNF,90000,1,512,0,0
LRY,445000,1,74,0,0
LZ,443600,3,210,77,24.74873734
MA,35839000,74,18,710,10.6852186
MA1,2290000,2,690,7,0
MAA,2680000,8,64,517,63.05137739
MAAG,380000,1,461,0,0
MAB,4125000,7,317,197,51.21490668
MAD,340000,1,188,0,0
MAF,1995000,6,206,432,84.12669018
MAG,170000,1,325,0,0
MAH,2255000,6,22,492,105.0823487
MAK,170000,1,17,0,0
MAKZ,170000,1,44,0,0
MAN,380000,1,561,0,0
MAS,1325000,2,11,217,0
MAT,795000,2,299,0,0
MATE,445000,1,298,0,0
MB,3550000,21,3,574,86.79382709
MBA,616000,4,43,77,28.9194283
MBAF,445000,1,90,0,0
MBN,3135000,2,214,32,0
MCK,2735000,2,173,4,0
MD,4660000,6,24,695,79.86551196
MDA,380000,1,573,0,0
MDE,310000,2,78,0,0
MDP,380000,2,24,0,0
ME,310000,2,183,0,0
MEAA,36000,1,183,0,0
MEQ,795000,2,271,0,0
MF,14630000,10,415,296,42.42771631
MFA,3315000,6,50,536,64.1693073
MFAR,445000,1,124,0,0
MFAS,4945000,1,587,0,0
MFG,385000,1,466,0,0
MFZ,795000,2,278,0,0
MG,1685000,4,56,645,171.8225829
MGA,815000,2,276,0,0
MH,6156000,12,238,456,44.6348824
MHA,1660000,6,173,342,84.08804909
MHB,380000,1,557,0,0
MHF,1055000,3,250,180,127.2792206
MHNI,445000,1,328,0,0
MHP,232500,1,104,0,0
MHW,240000,1,331,0,0
MI,1395000,4,73,530,147.3578411
MIA,1280000,4,26,509,244.9986395
MJ,18540000,3,462,154,69.29646456
MJA,1055000,4,148,104,60.044428
MK,2170000,7,39,642,156.5158139
MKA,380000,1,471,0,0
MKF,820000,3,415,0,0
ML,1370000,6,12,592,126.3380386
MLH,170000,1,321,0,0
MLP,340000,2,232,18,0
MLR,170000,1,305,0,0
MM,90000,1,638,0,0
MN,2900000,6,93,597,79.89555682
MNH,795000,1,89,0,0
MNM,955000,4,103,616,181.5387929
MNS,445000,1,45,0,0
MO,1410000,3,44,69,4.949747468
MOZ,235000,1,197,0,0
MP,360000,2,64,589,0
MQ,855000,3,428,205,126.5721138
MR,22478000,71,7,718,17.31103838
MRA,445000,1,237,0,0
MRAF,60000,1,69,0,0
MRB,445000,1,368,0,0
MRF,380000,1,410,0,0
MRH,445000,1,108,0,0
MRM,835000,2,191,0,0
MRN,445000,1,104,0,0
MRW,730000,1,383,0,0
MS,5275000,26,23,685,21.55226206
MSH,170000,1,356,0,0
MSI,170000,1,311,0,0
MSM,890000,4,329,109,20.0333056
MSMM,850000,5,197,175,17.07581135
MSO,795000,2,54,0,0
MSPA,95000,2,115,225,0
MT,795000,1,566,0,0
MTC,2530000,5,407,321,133.1199334
MTR,445000,1,426,0,0
MUA,380000,1,558,0,0
MUAQ,795000,2,200,0,0
MUR,170000,1,97,0,0
MX,160000,1,68,0,0
MXA,260000,2,73,0,0
MXAM,360000,2,249,0,0
MY,615000,3,395,132,90.50966799
MYH,380000,1,17,0,0
MYK,475000,1,88,0,0
MZ,23119000,106,2,726,8.975516147
MZA,2960000,5,320,130,34.21987726
MZF,190000,1,697,0,0
MZH,380000,1,451,0,0
MZK,160000,1,239,0,0
MZP,350000,2,110,145,0
MZR,380000,1,473,0,0
MZX,730000,1,477,0,0
MZY,1890000,4,299,89,14.74222959
NA,8003000,41,0,716,28.10858068
NAD,220000,1,362,0,0
NAH,475000,1,86,0,0
NAJ,445000,1,74,0,0
NAP,340000,2,82,14,0
NAZ,445000,1,305,0,0
NB,260000,2,647,1,0
NE,90000,1,512,0,0
NF,1360000,7,19,455,96.82441152
NGC,795000,2,166,0,0
NGL,170000,1,437,0,0
NH,120000,1,24,0,0
NJ,240000,2,26,272,0
NK,8310000,13,54,654,67.08949247
NL,930000,3,26,392,277.1858582
NM,810000,5,10,161,41.48393263
NMA,160000,1,95,0,0
NMAA,420000,3,43,4,2.828427125
NMF,465000,1,694,0,0
NN,887000,3,226,133,94.0452019
NNJ,120000,1,34,0,0
NR,958000,9,63,331,50.77664677
NS,8075000,26,0,724,54.16601025
NSA,1305000,5,212,143,36.15130242
NSF,90000,1,333,0,0
NSW,170000,1,146,0,0
NT,408000,3,61,280,82.02438662
NTB,340000,2,63,39,0
NY,555000,2,14,462,0
NZ,2435000,6,52,407,160.969873
NZA,170000,1,295,0,0
NZR,795000,1,228,0,0
OA,170000,1,480,0,0
OG,795000,1,1,0,0
OH,615000,2,92,24,0
OSA,950000,4,418,90,18.68154169
OSAA,445000,1,514,0,0
PA,1725000,5,96,483,87.86874681
PAS,845000,2,268,0,0
PK,995000,2,208,0,0
PS,445000,1,253,0,0
Q,380000,1,613,0,0
QA,2220000,3,464,182,14.14213562
QAY,170000,1,236,0,0
QE,445000,1,123,0,0
QF,190000,1,537,0,0
QH,500000,3,93,614,420.021428
QK,535000,2,337,0,0
QN,190000,1,62,0,0
QSM,170000,1,321,0,0
RA,31968000,59,50,667,12.73102303
RAA,14865000,2,114,90,0
RAK,675000,1,195,0,0
RAM,170000,1,236,0,0
RAR,170000,1,192,0,0
RAS,965000,2,178,130,0
RB,470000,2,570,95,0
RBA,100000,1,173,0,0
RC,180000,1,419,0,0
RD,1205000,4,11,581,306.8653342
RDK,445000,1,183,0,0
RE,3465000,3,323,79,53.03300859
RF,1060000,5,67,403,106.9591043
RFA,445000,1,127,0,0
RFB,170000,1,100,0,0
RFR,180000,1,349,0,0
RG,380000,1,466,0,0
RH,3420000,8,11,685,187.7342346
RHR,445000,1,141,0,0
RI,855000,2,192,235,0
RK,6666000,10,11,666,38.54867053
RKH,445000,1,193,0,0
RL,615000,2,518,53,0
RM,3425000,8,42,640,153.4164888
RMA,170000,1,369,0,0
RMS,685000,1,125,0,0
RN,17685000,29,18,621,20.903754
RNA,6060000,15,11,446,32.75516904
RP,1590000,6,169,486,22.627417
RPS,340000,1,187,0,0
RR,14364000,27,59,655,21.60003561
RRA,1980000,2,235,126,0
RS,4469000,16,60,631,56.62844649
RSAA,180000,1,317,0,0
RSK,170000,1,250,0,0
RSR,685000,2,131,0,0
RT,170000,1,93,0,0
RY,445000,1,79,0,0
RZ,1055000,3,16,332,131.5218613
RZA,430000,3,33,307,217.0817818
SA,49749000,39,0,712,20.07241513
SAA,340000,2,204,259,0
SAF,460000,2,99,266,0
SAI,160000,1,75,0,0
SAM,170000,1,200,0,0
SAN,260000,2,96,159,0
SAR,445000,1,573,0,0
SAS,160000,1,67,0,0
SB,820000,4,222,347,176.6474832
SC,240000,1,188,0,0
SD,1530000,4,52,371,134.6749172
SDH,12960000,1,263,0,0
SEH,445000,1,25,0,0
SF,995000,3,434,235,122.3294731
SG,170000,1,256,0,0
SGD,2945000,2,108,173,0
SGVE,170000,1,257,0,0
SH,680000,4,311,230,72.83085427
SHA,170000,1,197,0,0
SJ,260000,2,58,0,0
SK,9230000,17,1,709,73.74977401
SKF,1225000,1,279,0,0
SL,8890000,13,53,313,32.57287866
SM,4280000,15,40,649,60.24770298
SMA,1225000,1,295,0,0
SN,14045000,44,3,716,57.11178834
SNA,445000,1,194,0,0
SNM,1185000,4,308,256,121.0385613
SO,380000,1,573,0,0
SP,170000,1,578,0,0
SQA,260000,2,176,0,0
SR,2740000,10,116,612,233.3526183
SS,8290000,5,121,549,34.88433268
ST,2450000,3,233,229,88.38834765
SUB,290000,1,366,0,0
SZ,1335000,6,120,475,127.1573828
SZD,160000,1,202,0,0
TA,2770000,7,488,151,28.94419919
TAS,730000,1,382,0,0
TBTD,90000,1,279,0,0
TD,976000,8,280,429,82.69767084
TE,445000,1,13,0,0
TH,3005000,2,688,6,0
TKDH,14800000,2,459,45,0
TKI,20000,1,41,0,0
TKIC,29880000,1,18,0,0
TN,1205000,3,45,511,204.3538598
TT,170000,1,519,0,0
TU,705000,3,128,9,4.949747468
UA,920000,3,628,39,27.57716447
UAH,740000,3,53,18,12.72792206
UF,160000,1,248,0,0
UGN,445000,1,129,0,0
UK,160000,1,121,0,0
UM,480000,3,116,118,16.97056275
UN,730000,1,383,0,0
UNH,795000,2,102,0,0
VC,380000,1,725,0,0
VE,3245000,8,89,564,109.051757
VET,170000,1,326,0,0
VM,445000,1,582,0,0
VS,1240000,2,329,203,0
WA,550000,2,649,41,0
YA,5285000,8,39,554,78.04363859
YB,445000,1,8,0,0
YH,2795000,3,329,333,22.50999778
YM,2535000,6,159,189,152.6302722
YMQ,170000,1,493,0,0
YP,170000,1,149,0,0
YS,975000,4,38,288,152.6302722
YZ,660000,3,86,27,17.67766953
ZA,7799000,20,108,527,28.89990793
ZAAG,170000,1,205,0,0
ZAFP,170000,1,305,0,0
ZAH,320000,2,9,80,0
ZAM,1445000,2,362,112,0
ZB,795000,2,204,0,0
ZC,795000,2,278,0,0
ZD,636000,4,141,493,96.67126426
ZDR,170000,1,278,0,0
ZH,4845000,7,42,682,67.89305315
ZI,445000,1,522,0,0
ZK,1775000,6,236,403,67.2814982
ZM,2225000,6,108,338,127.8233156
ZN,830000,4,121,574,329.6685204
ZP,445000,1,122,0,0
ZR,1525000,3,203,182,128.6934342
ZS,481000,2,184,139,0
ZZ,1630000,7,444,97,12.36796938
